<cjbdxml>
	<dqtzdplVO>
		<dqtzdplGrid>
			<dqtzdplGridlb>
				<f001>1.0</f001>
				<f003>1.0</f003>
				<f002>1.0</f002>
				<f004>1.0</f004>
				<ewbhmc>һȨͶʺϼ</ewbhmc>
				<ewbhxh>1</ewbhxh>
			</dqtzdplGridlb>
			<dqtzdplGridlb>
				<f001>1.0</f001>
				<f003>1.0</f003>
				<f002>1.0</f002>
				<f004>1.0</f004>
				<ewbhmc>УƱͶ</ewbhmc>
				<ewbhxh>2</ewbhxh>
			</dqtzdplGridlb>
			<dqtzdplGridlb>
				<f001>1.0</f001>
				<f003>1.0</f003>
				<f002>1.0</f002>
				<f004>1.0</f004>
				<ewbhmc>ծȯͶ</ewbhmc>
				<ewbhxh>3</ewbhxh>
			</dqtzdplGridlb>
			<dqtzdplGridlb>
				<f001>1.0</f001>
				<f003>1.0</f003>
				<f002>1.0</f002>
				<f004>1.0</f004>
				<ewbhmc>УծͶ</ewbhmc>
				<ewbhxh>4</ewbhxh>
			</dqtzdplGridlb>
			<dqtzdplGridlb>
				<f001>1.0</f001>
				<f003>1.0</f003>
				<f002>1.0</f002>
				<f004>1.0</f004>
				<ewbhmc>ծȯ</ewbhmc>
				<ewbhxh>5</ewbhxh>
			</dqtzdplGridlb>
			<dqtzdplGridlb>
				<f001>1.0</f001>
				<f003>1.0</f003>
				<f002>1.0</f002>
				<f004>1.0</f004>
				<ewbhmc>Ͷ</ewbhmc>
				<ewbhxh>6</ewbhxh>
			</dqtzdplGridlb>
			<dqtzdplGridlb>
				<f001>6.0</f001>
				<f003>6.0</f003>
				<f002>6.0</f002>
				<f004>6.0</f004>
				<ewbhmc>ϼ</ewbhmc>
				<ewbhxh>7</ewbhxh>
			</dqtzdplGridlb>
		</dqtzdplGrid>
	</dqtzdplVO>
	<ndcwkjbgshbgVO>
		<shqkjyj>0</shqkjyj>
		<bgbh>1</bgbh>
		<qzzckjs>1</qzzckjs>
		<uuid/>
		<shbgzw>111</shbgzw>
		<shkjssws>1</shkjssws>
		<zlbscjuuid/>
	</ndcwkjbgshbgVO>
	<cqgptzdplVO>
		<cqgptzdplGrid>
			<cqgptzdplGridlb>
				<gflb>1</gflb>
				<gpsl>2.0</gpsl>
				<cstzcb>1.0</cstzcb>
				<bl>0.01</bl>
				<btzdwmc>1</btzdwmc>
			</cqgptzdplGridlb>
			<cqgptzdplGridlb>
				<gflb>1</gflb>
				<gpsl>2.0</gpsl>
				<cstzcb>1.0</cstzcb>
				<bl>0.01</bl>
				<btzdwmc>1</btzdwmc>
			</cqgptzdplGridlb>
			<cqgptzdplGridlb>
				<gflb>1</gflb>
				<gpsl>2.0</gpsl>
				<cstzcb>1.0</cstzcb>
				<bl>0.01</bl>
				<btzdwmc>1</btzdwmc>
			</cqgptzdplGridlb>
			<cqgptzdplGridlb>
				<gflb>1</gflb>
				<gpsl>2.0</gpsl>
				<cstzcb>1.0</cstzcb>
				<bl>0.01</bl>
				<btzdwmc>1</btzdwmc>
			</cqgptzdplGridlb>
			<cqgptzdplGridlb>
				<gflb>1</gflb>
				<gpsl>2.0</gpsl>
				<cstzcb>1.0</cstzcb>
				<bl>0.01</bl>
				<btzdwmc>1</btzdwmc>
			</cqgptzdplGridlb>
			<cqgptzdplGridlb>
				<gflb>1</gflb>
				<gpsl>2.0</gpsl>
				<cstzcb>1.0</cstzcb>
				<bl>0.01</bl>
				<btzdwmc>1</btzdwmc>
			</cqgptzdplGridlb>
			<cqgptzdplGridlb>
				<gflb>1</gflb>
				<gpsl>2.0</gpsl>
				<cstzcb>1.0</cstzcb>
				<bl>0.01</bl>
				<btzdwmc>1</btzdwmc>
			</cqgptzdplGridlb>
			<cqgptzdplGridlb>
				<gflb>1</gflb>
				<gpsl>2.0</gpsl>
				<cstzcb>1.0</cstzcb>
				<bl>0.01</bl>
				<btzdwmc>1</btzdwmc>
			</cqgptzdplGridlb>
			<cqgptzdplGridlb>
				<gflb>1</gflb>
				<gpsl>2.0</gpsl>
				<cstzcb>1.0</cstzcb>
				<bl>0.01</bl>
				<btzdwmc>1</btzdwmc>
			</cqgptzdplGridlb>
			<cqgptzdplGridlb>
				<gflb>1</gflb>
				<gpsl>2.0</gpsl>
				<cstzcb>1.0</cstzcb>
				<bl>0.01</bl>
				<btzdwmc>1</btzdwmc>
			</cqgptzdplGridlb>
		</cqgptzdplGrid>
	</cqgptzdplVO>
	<cqdtfydplVO>
		<cqdtfydplGrid/>
	</cqdtfydplVO>
	<gdzcdplVO>
		<gdzcdplGrid>
			<gdzcdplGridlb>
				<xmmc>Уݡ</xmmc>
				<qmye>0.0</qmye>
				<qcye>0.0</qcye>
				<bqjs>0.0</bqjs>
				<bqzj>0.0</bqzj>
				<bz1>1</bz1>
			</gdzcdplGridlb>
			<gdzcdplGridlb>
				<xmmc>豸</xmmc>
				<qmye>0.0</qmye>
				<qcye>0.0</qcye>
				<bqjs>0.0</bqjs>
				<bqzj>0.0</bqzj>
				<bz1>1</bz1>
			</gdzcdplGridlb>
			<gdzcdplGridlb>
				<xmmc>乤</xmmc>
				<qmye>0.0</qmye>
				<qcye>0.0</qcye>
				<bqjs>0.0</bqjs>
				<bqzj>0.0</bqzj>
				<bz1>1</bz1>
			</gdzcdplGridlb>
			<gdzcdplGridlb>
				<xmmc>Уݡ</xmmc>
				<qmye>0.0</qmye>
				<qcye>0.0</qcye>
				<bqjs>0.0</bqjs>
				<bqzj>0.0</bqzj>
				<bz1>2</bz1>
			</gdzcdplGridlb>
			<gdzcdplGridlb>
				<xmmc>豸</xmmc>
				<qmye>0.0</qmye>
				<qcye>0.0</qcye>
				<bqjs>0.0</bqjs>
				<bqzj>0.0</bqzj>
				<bz1>2</bz1>
			</gdzcdplGridlb>
			<gdzcdplGridlb>
				<xmmc>乤</xmmc>
				<qmye>0.0</qmye>
				<qcye>0.0</qcye>
				<bqjs>0.0</bqjs>
				<bqzj>0.0</bqzj>
				<bz1>2</bz1>
			</gdzcdplGridlb>
			<gdzcdplGridlb>
				<xmmc>Уݡ</xmmc>
				<qmye>0.0</qmye>
				<qcye>0.0</qcye>
				<bqjs>0.0</bqjs>
				<bqzj>0.0</bqzj>
				<bz1>3</bz1>
			</gdzcdplGridlb>
			<gdzcdplGridlb>
				<xmmc>豸</xmmc>
				<qmye>0.0</qmye>
				<qcye>0.0</qcye>
				<bqjs>0.0</bqjs>
				<bqzj>0.0</bqzj>
				<bz1>3</bz1>
			</gdzcdplGridlb>
			<gdzcdplGridlb>
				<xmmc>乤</xmmc>
				<qmye>0.0</qmye>
				<qcye>0.0</qcye>
				<bqjs>0.0</bqjs>
				<bqzj>0.0</bqzj>
				<bz1>3</bz1>
			</gdzcdplGridlb>
		</gdzcdplGrid>
	</gdzcdplVO>
	<qykjzdcwbbzcfzbVO>
		<bdxxGrid>
			<zcfzbdxxGridlb>
				<qmsZc>1.0</qmsZc>
				<qyxmmc>短期借款</qyxmmc>
				<qmsQy>1.0</qmsQy>
				<zcxmmc>货币资金</zcxmmc>
				<ncsZc>1.0</ncsZc>
				<ewbhxh>1</ewbhxh>
				<ncsQy>1.0</ncsQy>
			</zcfzbdxxGridlb>
			<zcfzbdxxGridlb>
				<qmsZc>1.0</qmsZc>
				<qyxmmc>应付票据</qyxmmc>
				<qmsQy>1.0</qmsQy>
				<zcxmmc>短期投资</zcxmmc>
				<ncsZc>1.0</ncsZc>
				<ewbhxh>2</ewbhxh>
				<ncsQy>1.0</ncsQy>
			</zcfzbdxxGridlb>
			<zcfzbdxxGridlb>
				<qmsZc>1.0</qmsZc>
				<qyxmmc>应付账款</qyxmmc>
				<qmsQy>1.0</qmsQy>
				<zcxmmc>应收票据</zcxmmc>
				<ncsZc>1.0</ncsZc>
				<ewbhxh>3</ewbhxh>
				<ncsQy>1.0</ncsQy>
			</zcfzbdxxGridlb>
			<zcfzbdxxGridlb>
				<qmsZc>1.0</qmsZc>
				<qyxmmc>预收账款</qyxmmc>
				<qmsQy>1.0</qmsQy>
				<zcxmmc>应收股利</zcxmmc>
				<ncsZc>1.0</ncsZc>
				<ewbhxh>4</ewbhxh>
				<ncsQy>1.0</ncsQy>
			</zcfzbdxxGridlb>
			<zcfzbdxxGridlb>
				<qmsZc>1.0</qmsZc>
				<qyxmmc>应付工资</qyxmmc>
				<qmsQy>1.0</qmsQy>
				<zcxmmc>应收利息</zcxmmc>
				<ncsZc>1.0</ncsZc>
				<ewbhxh>5</ewbhxh>
				<ncsQy>1.0</ncsQy>
			</zcfzbdxxGridlb>
			<zcfzbdxxGridlb>
				<qmsZc>1.0</qmsZc>
				<qyxmmc>应付福利费</qyxmmc>
				<qmsQy>1.0</qmsQy>
				<zcxmmc>应收账款</zcxmmc>
				<ncsZc>11.0</ncsZc>
				<ewbhxh>6</ewbhxh>
				<ncsQy>1.0</ncsQy>
			</zcfzbdxxGridlb>
			<zcfzbdxxGridlb>
				<qmsZc>1.0</qmsZc>
				<qyxmmc>应付股利</qyxmmc>
				<qmsQy>1.0</qmsQy>
				<zcxmmc>其他应收款</zcxmmc>
				<ncsZc>1.0</ncsZc>
				<ewbhxh>7</ewbhxh>
				<ncsQy>1.0</ncsQy>
			</zcfzbdxxGridlb>
			<zcfzbdxxGridlb>
				<qmsZc>1.0</qmsZc>
				<qyxmmc>应交税金</qyxmmc>
				<qmsQy>1.0</qmsQy>
				<zcxmmc>预付账款</zcxmmc>
				<ncsZc>1.0</ncsZc>
				<ewbhxh>8</ewbhxh>
				<ncsQy>1.0</ncsQy>
			</zcfzbdxxGridlb>
			<zcfzbdxxGridlb>
				<qmsZc>11.0</qmsZc>
				<qyxmmc>Ӧ</qyxmmc>
				<qmsQy>1.0</qmsQy>
				<zcxmmc>Ӧղ</zcxmmc>
				<ncsZc>1.0</ncsZc>
				<ewbhxh>9</ewbhxh>
				<ncsQy>1.0</ncsQy>
			</zcfzbdxxGridlb>
			<zcfzbdxxGridlb>
				<qmsZc>1.0</qmsZc>
				<qyxmmc>Ӧ</qyxmmc>
				<qmsQy>1.0</qmsQy>
				<zcxmmc></zcxmmc>
				<ncsZc>0.0</ncsZc>
				<ewbhxh>10</ewbhxh>
				<ncsQy>11.0</ncsQy>
			</zcfzbdxxGridlb>
			<zcfzbdxxGridlb>
				<qmsZc>1.0</qmsZc>
				<qyxmmc>Ԥ</qyxmmc>
				<qmsQy>1.0</qmsQy>
				<zcxmmc>̯</zcxmmc>
				<ncsZc>1.0</ncsZc>
				<ewbhxh>11</ewbhxh>
				<ncsQy>11.0</ncsQy>
			</zcfzbdxxGridlb>
			<zcfzbdxxGridlb>
				<qmsZc>1.0</qmsZc>
				<qyxmmc>ԤƸծ</qyxmmc>
				<qmsQy>1.0</qmsQy>
				<zcxmmc>һڵڵĳծȨͶ</zcxmmc>
				<ncsZc>1.0</ncsZc>
				<ewbhxh>12</ewbhxh>
				<ncsQy>1.0</ncsQy>
			</zcfzbdxxGridlb>
			<zcfzbdxxGridlb>
				<qmsZc>1.0</qmsZc>
				<qyxmmc>һڵڵĳڸծ</qyxmmc>
				<qmsQy>1.0</qmsQy>
				<zcxmmc>ʲ</zcxmmc>
				<ncsZc>11.0</ncsZc>
				<ewbhxh>13</ewbhxh>
				<ncsQy>1.0</ncsQy>
			</zcfzbdxxGridlb>
			<zcfzbdxxGridlb>
				<qmsZc>23.0</qmsZc>
				<qyxmmc>ծ</qyxmmc>
				<qmsQy>1.0</qmsQy>
				<zcxmmc>ʲϼ</zcxmmc>
				<ncsZc>32.0</ncsZc>
				<ewbhxh>14</ewbhxh>
				<ncsQy>11.0</ncsQy>
			</zcfzbdxxGridlb>
			<zcfzbdxxGridlb>
				<qmsZc>1.0</qmsZc>
				<qyxmmc>ծϼ</qyxmmc>
				<qmsQy>14.0</qmsQy>
				<zcxmmc>ڹȨͶ</zcxmmc>
				<ncsZc>1.0</ncsZc>
				<ewbhxh>15</ewbhxh>
				<ncsQy>44.0</ncsQy>
			</zcfzbdxxGridlb>
			<zcfzbdxxGridlb>
				<qmsZc>1.0</qmsZc>
				<zcxmmc>ծȨͶ</zcxmmc>
				<ncsZc>1.0</ncsZc>
				<ewbhxh>16</ewbhxh>
			</zcfzbdxxGridlb>
			<zcfzbdxxGridlb>
				<qmsZc>2.0</qmsZc>
				<qyxmmc>ڽ</qyxmmc>
				<qmsQy>1.0</qmsQy>
				<zcxmmc>Ͷʺϼ</zcxmmc>
				<ncsZc>2.0</ncsZc>
				<ewbhxh>17</ewbhxh>
				<ncsQy>1.0</ncsQy>
			</zcfzbdxxGridlb>
			<zcfzbdxxGridlb>
				<qyxmmc>Ӧծȯ</qyxmmc>
				<qmsQy>1.0</qmsQy>
				<ewbhxh>18</ewbhxh>
				<ncsQy>1.0</ncsQy>
			</zcfzbdxxGridlb>
			<zcfzbdxxGridlb>
				<qmsZc>11.0</qmsZc>
				<qyxmmc>Ӧ</qyxmmc>
				<qmsQy>1.0</qmsQy>
				<zcxmmc>̶ʲԭ</zcxmmc>
				<ncsZc>5.0</ncsZc>
				<ewbhxh>19</ewbhxh>
				<ncsQy>1.0</ncsQy>
			</zcfzbdxxGridlb>
			<zcfzbdxxGridlb>
				<qmsZc>1.0</qmsZc>
				<qyxmmc>רӦ</qyxmmc>
				<qmsQy>1.0</qmsQy>
				<zcxmmc>:ۼ۾</zcxmmc>
				<ncsZc>1.0</ncsZc>
				<ewbhxh>20</ewbhxh>
				<ncsQy>1.0</ncsQy>
			</zcfzbdxxGridlb>
			<zcfzbdxxGridlb>
				<qmsZc>10.0</qmsZc>
				<qyxmmc>ڸծ</qyxmmc>
				<qmsQy>1.0</qmsQy>
				<zcxmmc>̶ʲֵ</zcxmmc>
				<ncsZc>4.0</ncsZc>
				<ewbhxh>21</ewbhxh>
				<ncsQy>1.0</ncsQy>
			</zcfzbdxxGridlb>
			<zcfzbdxxGridlb>
				<qmsZc>1.0</qmsZc>
				<qyxmmc>ڸծϼ</qyxmmc>
				<qmsQy>5.0</qmsQy>
				<zcxmmc>:̶ʲֵ׼</zcxmmc>
				<ncsZc>1.0</ncsZc>
				<ewbhxh>22</ewbhxh>
				<ncsQy>5.0</ncsQy>
			</zcfzbdxxGridlb>
			<zcfzbdxxGridlb>
				<qmsZc>9.0</qmsZc>
				<zcxmmc>̶ʲ</zcxmmc>
				<ncsZc>3.0</ncsZc>
				<ewbhxh>23</ewbhxh>
			</zcfzbdxxGridlb>
			<zcfzbdxxGridlb>
				<qmsZc>11.0</qmsZc>
				<qyxmmc>˰</qyxmmc>
				<qmsQy>1.0</qmsQy>
				<zcxmmc></zcxmmc>
				<ncsZc>1.0</ncsZc>
				<ewbhxh>24</ewbhxh>
				<ncsQy>1.0</ncsQy>
			</zcfzbdxxGridlb>
			<zcfzbdxxGridlb>
				<qmsZc>1.0</qmsZc>
				<qyxmmc>ծϼ</qyxmmc>
				<qmsQy>20.0</qmsQy>
				<zcxmmc>ڽ</zcxmmc>
				<ncsZc>1.0</ncsZc>
				<ewbhxh>25</ewbhxh>
				<ncsQy>50.0</ncsQy>
			</zcfzbdxxGridlb>
			<zcfzbdxxGridlb>
				<qmsZc>1.0</qmsZc>
				<zcxmmc>̶ʲ</zcxmmc>
				<ncsZc>1.0</ncsZc>
				<ewbhxh>26</ewbhxh>
			</zcfzbdxxGridlb>
			<zcfzbdxxGridlb>
				<qmsZc>22.0</qmsZc>
				<zcxmmc>̶ʲϼ</zcxmmc>
				<ncsZc>6.0</ncsZc>
				<ewbhxh>27</ewbhxh>
			</zcfzbdxxGridlb>
			<zcfzbdxxGridlb>
				<qyxmmc>ʵʱ(ɱ)</qyxmmc>
				<qmsQy>1.0</qmsQy>
				<ewbhxh>28</ewbhxh>
				<ncsQy>1.0</ncsQy>
			</zcfzbdxxGridlb>
			<zcfzbdxxGridlb>
				<qmsZc>1.0</qmsZc>
				<qyxmmc>:ѹ黹Ͷ</qyxmmc>
				<qmsQy>1.0</qmsQy>
				<zcxmmc>ʲ</zcxmmc>
				<ncsZc>1.0</ncsZc>
				<ewbhxh>29</ewbhxh>
				<ncsQy>1.0</ncsQy>
			</zcfzbdxxGridlb>
			<zcfzbdxxGridlb>
				<qmsZc>1.0</qmsZc>
				<qyxmmc>ʵʱ(ɱ)</qyxmmc>
				<qmsQy>0.0</qmsQy>
				<zcxmmc>ڴ̯</zcxmmc>
				<ncsZc>1.0</ncsZc>
				<ewbhxh>30</ewbhxh>
				<ncsQy>0.0</ncsQy>
			</zcfzbdxxGridlb>
			<zcfzbdxxGridlb>
				<qmsZc>1.0</qmsZc>
				<qyxmmc>ʱ</qyxmmc>
				<qmsQy>1.0</qmsQy>
				<zcxmmc>ʲ</zcxmmc>
				<ncsZc>1.0</ncsZc>
				<ewbhxh>31</ewbhxh>
				<ncsQy>1.0</ncsQy>
			</zcfzbdxxGridlb>
			<zcfzbdxxGridlb>
				<qmsZc>3.0</qmsZc>
				<qyxmmc>ӯ๫</qyxmmc>
				<qmsQy>11.0</qmsQy>
				<zcxmmc>ʲʲϼ</zcxmmc>
				<ncsZc>3.0</ncsZc>
				<ewbhxh>32</ewbhxh>
				<ncsQy>1.0</ncsQy>
			</zcfzbdxxGridlb>
			<zcfzbdxxGridlb>
				<qyxmmc>:</qyxmmc>
				<qmsQy>1.0</qmsQy>
				<ewbhxh>33</ewbhxh>
				<ncsQy>1.0</ncsQy>
			</zcfzbdxxGridlb>
			<zcfzbdxxGridlb>
				<qyxmmc>δ</qyxmmc>
				<qmsQy>29.0</qmsQy>
				<ewbhxh>34</ewbhxh>
				<ncsQy>1.0</ncsQy>
			</zcfzbdxxGridlb>
			<zcfzbdxxGridlb>
				<qmsZc>11.0</qmsZc>
				<qyxmmc>Ȩ(ɶȨ)ϼ</qyxmmc>
				<qmsQy>41.0</qmsQy>
				<zcxmmc>˰</zcxmmc>
				<ncsZc>10.0</ncsZc>
				<ewbhxh>35</ewbhxh>
				<ncsQy>3.0</ncsQy>
			</zcfzbdxxGridlb>
			<zcfzbdxxGridlb>
				<qmsZc>61.0</qmsZc>
				<qyxmmc>ծȨ(ɶȨ)ܼ</qyxmmc>
				<qmsQy>61.0</qmsQy>
				<zcxmmc>ʲϼ</zcxmmc>
				<ncsZc>53.0</ncsZc>
				<ewbhxh>36</ewbhxh>
				<ncsQy>53.0</ncsQy>
			</zcfzbdxxGridlb>
		</bdxxGrid>
		<nsrxxForm>
			<skssqq>2005-12-01</skssqq>
			<nsrsbh>512921197204154234</nsrsbh>
			<nsrmc>԰</nsrmc>
			<skssqz>2005-12-31</skssqz>
			<bsrq>2018-03-23</bsrq>
		</nsrxxForm>
	</qykjzdcwbbzcfzbVO>
	<chdplVO>
		<chdplGrid>
			<chdplGridlb>
				<xmmc>ԭ</xmmc>
				<qmye>1.0</qmye>
				<qcye>1.0</qcye>
				<zlbscjuuid/>
			</chdplGridlb>
			<chdplGridlb>
				<xmmc>Ʒ</xmmc>
				<qmye>2.0</qmye>
				<qcye>2.0</qcye>
				<zlbscjuuid/>
			</chdplGridlb>
			<chdplGridlb>
				<xmmc>ֵƷ</xmmc>
				<qmye>3.0</qmye>
				<qcye>3.0</qcye>
				<zlbscjuuid/>
			</chdplGridlb>
			<chdplGridlb>
				<xmmc>װ</xmmc>
				<qmye>4.0</qmye>
				<qcye>4.0</qcye>
				<zlbscjuuid/>
			</chdplGridlb>
		</chdplGrid>
	</chdplVO>
	<qykjzdcwbbxjllbVO>
		<qykjzdcwbbxjllbxxGrid>
			<qykjzdcwbbxjllbxxGridlb>
				<je>2.0</je>
				<hmc>Ʒṩյֽ</hmc>
				<ewbhxh>1</ewbhxh>
			</qykjzdcwbbxjllbxxGridlb>
			<qykjzdcwbbxjllbxxGridlb>
				<je>19.0</je>
				<hmc>յ˰ѷ</hmc>
				<ewbhxh>2</ewbhxh>
			</qykjzdcwbbxjllbxxGridlb>
			<qykjzdcwbbxjllbxxGridlb>
				<je>2.0</je>
				<hmc>յ뾭Ӫйصֽ</hmc>
				<ewbhxh>3</ewbhxh>
			</qykjzdcwbbxjllbxxGridlb>
			<qykjzdcwbbxjllbxxGridlb>
				<je>23.0</je>
				<hmc>ֽС</hmc>
				<ewbhxh>4</ewbhxh>
			</qykjzdcwbbxjllbxxGridlb>
			<qykjzdcwbbxjllbxxGridlb>
				<je>2.0</je>
				<hmc>Ʒֽ֧</hmc>
				<ewbhxh>5</ewbhxh>
			</qykjzdcwbbxjllbxxGridlb>
			<qykjzdcwbbxjllbxxGridlb>
				<je>1.0</je>
				<hmc>ְ֧ԼΪְֽ֧</hmc>
				<ewbhxh>6</ewbhxh>
			</qykjzdcwbbxjllbxxGridlb>
			<qykjzdcwbbxjllbxxGridlb>
				<je>2.0</je>
				<hmc>֧ĸ˰</hmc>
				<ewbhxh>7</ewbhxh>
			</qykjzdcwbbxjllbxxGridlb>
			<qykjzdcwbbxjllbxxGridlb>
				<je>2.0</je>
				<hmc>֧뾭Ӫйصֽ</hmc>
				<ewbhxh>8</ewbhxh>
			</qykjzdcwbbxjllbxxGridlb>
			<qykjzdcwbbxjllbxxGridlb>
				<je>7.0</je>
				<hmc>ֽС</hmc>
				<ewbhxh>9</ewbhxh>
			</qykjzdcwbbxjllbxxGridlb>
			<qykjzdcwbbxjllbxxGridlb>
				<je>16.0</je>
				<hmc>Ӫֽ</hmc>
				<ewbhxh>10</ewbhxh>
			</qykjzdcwbbxjllbxxGridlb>
			<qykjzdcwbbxjllbxxGridlb>
				<je>1.0</je>
				<hmc>ջͶյֽ</hmc>
				<ewbhxh>11</ewbhxh>
			</qykjzdcwbbxjllbxxGridlb>
			<qykjzdcwbbxjllbxxGridlb>
				<je>1.0</je>
				<hmc>ȡͶյֽ</hmc>
				<ewbhxh>12</ewbhxh>
			</qykjzdcwbbxjllbxxGridlb>
			<qykjzdcwbbxjllbxxGridlb>
				<je>1.0</je>
				<hmc>ù̶ʲʲʲջصֽ𾻶</hmc>
				<ewbhxh>13</ewbhxh>
			</qykjzdcwbbxjllbxxGridlb>
			<qykjzdcwbbxjllbxxGridlb>
				<je>1.0</je>
				<hmc>յͶʻйصֽ</hmc>
				<ewbhxh>14</ewbhxh>
			</qykjzdcwbbxjllbxxGridlb>
			<qykjzdcwbbxjllbxxGridlb>
				<je>4.0</je>
				<hmc>ֽС</hmc>
				<ewbhxh>15</ewbhxh>
			</qykjzdcwbbxjllbxxGridlb>
			<qykjzdcwbbxjllbxxGridlb>
				<je>1.0</je>
				<hmc>̶ʲʲʲֽ֧</hmc>
				<ewbhxh>16</ewbhxh>
			</qykjzdcwbbxjllbxxGridlb>
			<qykjzdcwbbxjllbxxGridlb>
				<je>1.0</je>
				<hmc>Ͷֽ֧</hmc>
				<ewbhxh>17</ewbhxh>
			</qykjzdcwbbxjllbxxGridlb>
			<qykjzdcwbbxjllbxxGridlb>
				<je>1.0</je>
				<hmc>֧Ͷʻйصֽ</hmc>
				<ewbhxh>18</ewbhxh>
			</qykjzdcwbbxjllbxxGridlb>
			<qykjzdcwbbxjllbxxGridlb>
				<je>3.0</je>
				<hmc>ֽС</hmc>
				<ewbhxh>19</ewbhxh>
			</qykjzdcwbbxjllbxxGridlb>
			<qykjzdcwbbxjllbxxGridlb>
				<je>1.0</je>
				<hmc>Ͷʻֽ</hmc>
				<ewbhxh>20</ewbhxh>
			</qykjzdcwbbxjllbxxGridlb>
			<qykjzdcwbbxjllbxxGridlb>
				<je>1.0</je>
				<hmc>Ͷյֽ</hmc>
				<ewbhxh>21</ewbhxh>
			</qykjzdcwbbxjllbxxGridlb>
			<qykjzdcwbbxjllbxxGridlb>
				<je>1.0</je>
				<hmc>յֽ</hmc>
				<ewbhxh>22</ewbhxh>
			</qykjzdcwbbxjllbxxGridlb>
			<qykjzdcwbbxjllbxxGridlb>
				<je>1.0</je>
				<hmc>յʻйصֽ</hmc>
				<ewbhxh>23</ewbhxh>
			</qykjzdcwbbxjllbxxGridlb>
			<qykjzdcwbbxjllbxxGridlb>
				<je>3.0</je>
				<hmc>ֽС</hmc>
				<ewbhxh>24</ewbhxh>
			</qykjzdcwbbxjllbxxGridlb>
			<qykjzdcwbbxjllbxxGridlb>
				<je>1.0</je>
				<hmc>ծֽ֧</hmc>
				<ewbhxh>25</ewbhxh>
			</qykjzdcwbbxjllbxxGridlb>
			<qykjzdcwbbxjllbxxGridlb>
				<je>1.0</je>
				<hmc>򳥸Ϣֽ֧</hmc>
				<ewbhxh>26</ewbhxh>
			</qykjzdcwbbxjllbxxGridlb>
			<qykjzdcwbbxjllbxxGridlb>
				<je>1.0</je>
				<hmc>֧ʻйصֽ</hmc>
				<ewbhxh>27</ewbhxh>
			</qykjzdcwbbxjllbxxGridlb>
			<qykjzdcwbbxjllbxxGridlb>
				<je>3.0</je>
				<hmc>ֽС</hmc>
				<ewbhxh>28</ewbhxh>
			</qykjzdcwbbxjllbxxGridlb>
			<qykjzdcwbbxjllbxxGridlb>
				<je>0.0</je>
				<hmc>ʻֽ</hmc>
				<ewbhxh>29</ewbhxh>
			</qykjzdcwbbxjllbxxGridlb>
			<qykjzdcwbbxjllbxxGridlb>
				<je>1.0</je>
				<hmc>ġʱ䶯ֽӰ</hmc>
				<ewbhxh>30</ewbhxh>
			</qykjzdcwbbxjllbxxGridlb>
			<qykjzdcwbbxjllbxxGridlb>
				<je>18.0</je>
				<hmc>塢ֽֽȼﾻӶ</hmc>
				<ewbhxh>31</ewbhxh>
			</qykjzdcwbbxjllbxxGridlb>
			<qykjzdcwbbxjllbxxGridlb>
				<je>1.0</je>
				<hmc></hmc>
				<ewbhxh>32</ewbhxh>
			</qykjzdcwbbxjllbxxGridlb>
			<qykjzdcwbbxjllbxxGridlb>
				<je>1.0</je>
				<hmc>:ʲֵ׼</hmc>
				<ewbhxh>33</ewbhxh>
			</qykjzdcwbbxjllbxxGridlb>
			<qykjzdcwbbxjllbxxGridlb>
				<je>1.0</je>
				<hmc>̶ʲ۾</hmc>
				<ewbhxh>34</ewbhxh>
			</qykjzdcwbbxjllbxxGridlb>
			<qykjzdcwbbxjllbxxGridlb>
				<je>1.0</je>
				<hmc>ʲ̯</hmc>
				<ewbhxh>35</ewbhxh>
			</qykjzdcwbbxjllbxxGridlb>
			<qykjzdcwbbxjllbxxGridlb>
				<je>1.0</je>
				<hmc>ڴ̯̯</hmc>
				<ewbhxh>36</ewbhxh>
			</qykjzdcwbbxjllbxxGridlb>
			<qykjzdcwbbxjllbxxGridlb>
				<je>1.0</je>
				<hmc>̯ü(:)</hmc>
				<ewbhxh>37</ewbhxh>
			</qykjzdcwbbxjllbxxGridlb>
			<qykjzdcwbbxjllbxxGridlb>
				<je>1.0</je>
				<hmc>Ԥ(:)</hmc>
				<ewbhxh>38</ewbhxh>
			</qykjzdcwbbxjllbxxGridlb>
			<qykjzdcwbbxjllbxxGridlb>
				<je>1.0</je>
				<hmc>ù̶ʲʲʲʧ(:)</hmc>
				<ewbhxh>39</ewbhxh>
			</qykjzdcwbbxjllbxxGridlb>
			<qykjzdcwbbxjllbxxGridlb>
				<je>1.0</je>
				<hmc>̶ʲʧ</hmc>
				<ewbhxh>40</ewbhxh>
			</qykjzdcwbbxjllbxxGridlb>
			<qykjzdcwbbxjllbxxGridlb>
				<je>1.0</je>
				<hmc></hmc>
				<ewbhxh>41</ewbhxh>
			</qykjzdcwbbxjllbxxGridlb>
			<qykjzdcwbbxjllbxxGridlb>
				<je>1.0</je>
				<hmc>Ͷʧ(:)</hmc>
				<ewbhxh>42</ewbhxh>
			</qykjzdcwbbxjllbxxGridlb>
			<qykjzdcwbbxjllbxxGridlb>
				<je>1.0</je>
				<hmc>˰(:)</hmc>
				<ewbhxh>43</ewbhxh>
			</qykjzdcwbbxjllbxxGridlb>
			<qykjzdcwbbxjllbxxGridlb>
				<je>1.0</je>
				<hmc>ļ(:)</hmc>
				<ewbhxh>44</ewbhxh>
			</qykjzdcwbbxjllbxxGridlb>
			<qykjzdcwbbxjllbxxGridlb>
				<je>1.0</je>
				<hmc>ӪӦĿļ(:)</hmc>
				<ewbhxh>45</ewbhxh>
			</qykjzdcwbbxjllbxxGridlb>
			<qykjzdcwbbxjllbxxGridlb>
				<je>1.0</je>
				<hmc>ӪӦĿ(:)</hmc>
				<ewbhxh>46</ewbhxh>
			</qykjzdcwbbxjllbxxGridlb>
			<qykjzdcwbbxjllbxxGridlb>
				<je>1.0</je>
				<hmc></hmc>
				<ewbhxh>47</ewbhxh>
			</qykjzdcwbbxjllbxxGridlb>
			<qykjzdcwbbxjllbxxGridlb>
				<je>16.0</je>
				<hmc>Ӫֽ</hmc>
				<ewbhxh>48</ewbhxh>
			</qykjzdcwbbxjllbxxGridlb>
			<qykjzdcwbbxjllbxxGridlb>
				<je>1.0</je>
				<hmc>ծתΪʱ</hmc>
				<ewbhxh>49</ewbhxh>
			</qykjzdcwbbxjllbxxGridlb>
			<qykjzdcwbbxjllbxxGridlb>
				<je>1.0</je>
				<hmc>һڵڵĿת˾ծȯ</hmc>
				<ewbhxh>50</ewbhxh>
			</qykjzdcwbbxjllbxxGridlb>
			<qykjzdcwbbxjllbxxGridlb>
				<je>1.0</je>
				<hmc>̶ʲ</hmc>
				<ewbhxh>51</ewbhxh>
			</qykjzdcwbbxjllbxxGridlb>
			<qykjzdcwbbxjllbxxGridlb>
				<je>1.0</je>
				<hmc>ֽĩ</hmc>
				<ewbhxh>52</ewbhxh>
			</qykjzdcwbbxjllbxxGridlb>
			<qykjzdcwbbxjllbxxGridlb>
				<je>1.0</je>
				<hmc>:ֽڳ</hmc>
				<ewbhxh>53</ewbhxh>
			</qykjzdcwbbxjllbxxGridlb>
			<qykjzdcwbbxjllbxxGridlb>
				<je>19.0</je>
				<hmc>:ֽȼĩ</hmc>
				<ewbhxh>54</ewbhxh>
			</qykjzdcwbbxjllbxxGridlb>
			<qykjzdcwbbxjllbxxGridlb>
				<je>1.0</je>
				<hmc>:ֽȼڳ</hmc>
				<ewbhxh>55</ewbhxh>
			</qykjzdcwbbxjllbxxGridlb>
			<qykjzdcwbbxjllbxxGridlb>
				<je>18.0</je>
				<hmc>ֽֽȼﾻӶ</hmc>
				<ewbhxh>56</ewbhxh>
			</qykjzdcwbbxjllbxxGridlb>
		</qykjzdcwbbxjllbxxGrid>
		<nsrxxForm>
			<skssqq>2005-12-01</skssqq>
			<nsrsbh>512921197204154234</nsrsbh>
			<nsrmc>԰</nsrmc>
			<skssqz>2005-12-31</skssqz>
			<bsrq>2018-03-23</bsrq>
		</nsrxxForm>
	</qykjzdcwbbxjllbVO>
	<qykjzdfzForm>
		<bz22>1</bz22>
		<bz23>1</bz23>
		<bz14>1</bz14>
		<bz13>1</bz13>
		<bz12>1</bz12>
		<bz20>1</bz20>
		<bz11>1</bz11>
		<bz21>1</bz21>
		<bz18>1</bz18>
		<bz17>1</bz17>
		<xgrDm/>
		<bz16>1</bz16>
		<bz15>1</bz15>
		<sjgsdq/>
		<lrrDm/>
		<uuid/>
		<sjtbSj/>
		<bz19>1</bz19>
		<zlbscjuuid/>
	</qykjzdfzForm>
	<qykjzdcwbblrbVO>
		<qykjzdcwbblrbxxGrid>
			<qykjzdcwbblrbxxGridlb>
				<bys>4.0</bys>
				<hmc>һӪҵ</hmc>
				<ewbhxh>1</ewbhxh>
				<bnljs>4.0</bnljs>
			</qykjzdcwbblrbxxGridlb>
			<qykjzdcwbblrbxxGridlb>
				<bys>2.0</bys>
				<hmc>:Ӫҵɱ</hmc>
				<ewbhxh>2</ewbhxh>
				<bnljs>1.0</bnljs>
			</qykjzdcwbblrbxxGridlb>
			<qykjzdcwbblrbxxGridlb>
				<bys>1.0</bys>
				<hmc>Ӫҵ˰𼰸</hmc>
				<ewbhxh>3</ewbhxh>
				<bnljs>1.0</bnljs>
			</qykjzdcwbblrbxxGridlb>
			<qykjzdcwbblrbxxGridlb>
				<bys>1.0</bys>
				<hmc>Ӫҵ(ԡ-)</hmc>
				<ewbhxh>4</ewbhxh>
				<bnljs>2.0</bnljs>
			</qykjzdcwbblrbxxGridlb>
			<qykjzdcwbblrbxxGridlb>
				<bys>4.0</bys>
				<hmc>:ҵ(-)</hmc>
				<ewbhxh>5</ewbhxh>
				<bnljs>4.0</bnljs>
			</qykjzdcwbblrbxxGridlb>
			<qykjzdcwbblrbxxGridlb>
				<bys>2.0</bys>
				<hmc>:Ӫҵ</hmc>
				<ewbhxh>6</ewbhxh>
				<bnljs>2.0</bnljs>
			</qykjzdcwbblrbxxGridlb>
			<qykjzdcwbblrbxxGridlb>
				<bys>1.0</bys>
				<hmc></hmc>
				<ewbhxh>7</ewbhxh>
				<bnljs>1.0</bnljs>
			</qykjzdcwbblrbxxGridlb>
			<qykjzdcwbblrbxxGridlb>
				<bys>1.0</bys>
				<hmc></hmc>
				<ewbhxh>8</ewbhxh>
				<bnljs>1.0</bnljs>
			</qykjzdcwbblrbxxGridlb>
			<qykjzdcwbblrbxxGridlb>
				<bys>1.0</bys>
				<hmc>Ӫҵ(ԡ-)</hmc>
				<ewbhxh>9</ewbhxh>
				<bnljs>2.0</bnljs>
			</qykjzdcwbblrbxxGridlb>
			<qykjzdcwbblrbxxGridlb>
				<bys>1.0</bys>
				<hmc>:Ͷ(ʧԡ-)</hmc>
				<ewbhxh>10</ewbhxh>
				<bnljs>1.0</bnljs>
			</qykjzdcwbblrbxxGridlb>
			<qykjzdcwbblrbxxGridlb>
				<bys>2.0</bys>
				<hmc></hmc>
				<ewbhxh>11</ewbhxh>
				<bnljs>2.0</bnljs>
			</qykjzdcwbblrbxxGridlb>
			<qykjzdcwbblrbxxGridlb>
				<bys>1.0</bys>
				<hmc>Ӫҵ</hmc>
				<ewbhxh>12</ewbhxh>
				<bnljs>1.0</bnljs>
			</qykjzdcwbblrbxxGridlb>
			<qykjzdcwbblrbxxGridlb>
				<bys>1.0</bys>
				<hmc>:Ӫҵ֧</hmc>
				<ewbhxh>13</ewbhxh>
				<bnljs>1.0</bnljs>
			</qykjzdcwbblrbxxGridlb>
			<qykjzdcwbblrbxxGridlb>
				<bys>4.0</bys>
				<hmc>ġܶ(ܶԡ-)</hmc>
				<ewbhxh>14</ewbhxh>
				<bnljs>5.0</bnljs>
			</qykjzdcwbblrbxxGridlb>
			<qykjzdcwbblrbxxGridlb>
				<bys>1.0</bys>
				<hmc>:˰</hmc>
				<ewbhxh>15</ewbhxh>
				<bnljs>1.0</bnljs>
			</qykjzdcwbblrbxxGridlb>
			<qykjzdcwbblrbxxGridlb>
				<bys>3.0</bys>
				<hmc>塢(ԡ-)</hmc>
				<ewbhxh>16</ewbhxh>
				<bnljs>4.0</bnljs>
			</qykjzdcwbblrbxxGridlb>
			<qykjzdcwbblrbxxGridlb>
				<bys>1.0</bys>
				<hmc>1.ۡòŻͶʵλ</hmc>
				<ewbhxh>17</ewbhxh>
				<bnljs>1.0</bnljs>
			</qykjzdcwbblrbxxGridlb>
			<qykjzdcwbblrbxxGridlb>
				<bys>1.0</bys>
				<hmc>2.Ȼֺʧ</hmc>
				<ewbhxh>18</ewbhxh>
				<bnljs>1.0</bnljs>
			</qykjzdcwbblrbxxGridlb>
			<qykjzdcwbblrbxxGridlb>
				<bys>1.0</bys>
				<hmc>3.߱()ܶ</hmc>
				<ewbhxh>19</ewbhxh>
				<bnljs>1.0</bnljs>
			</qykjzdcwbblrbxxGridlb>
			<qykjzdcwbblrbxxGridlb>
				<bys>1.0</bys>
				<hmc>4.ƹƱ()ܶ</hmc>
				<ewbhxh>20</ewbhxh>
				<bnljs>1.0</bnljs>
			</qykjzdcwbblrbxxGridlb>
			<qykjzdcwbblrbxxGridlb>
				<bys>1.0</bys>
				<hmc>5.ծʧ</hmc>
				<ewbhxh>21</ewbhxh>
				<bnljs>1.0</bnljs>
			</qykjzdcwbblrbxxGridlb>
			<qykjzdcwbblrbxxGridlb>
				<bys>1.0</bys>
				<hmc>6.</hmc>
				<ewbhxh>22</ewbhxh>
				<bnljs>1.0</bnljs>
			</qykjzdcwbblrbxxGridlb>
		</qykjzdcwbblrbxxGrid>
		<nsrxxForm>
			<skssqq>2005-12-01</skssqq>
			<nsrsbh>512921197204154234</nsrsbh>
			<nsrmc>԰</nsrmc>
			<skssqz>2005-12-31</skssqz>
			<bsrq>2018-03-23</bsrq>
		</nsrxxForm>
	</qykjzdcwbblrbVO>
	<yfzcfzzhzbVO>
		<yfzcfzzhzbGrid>
			<yfzcfzzhzbGridlb>
				<f038>1.0</f038>
				<f037>1.0</f037>
				<f036>1.0</f036>
				<f035>1.0</f035>
				<f034>1.0</f034>
				<f033>1.0</f033>
				<f032>1.0</f032>
				<f031>1.0</f031>
				<f030>1.0</f030>
				<yfxs/>
				<ewbhxh>1</ewbhxh>
				<f039>1.0</f039>
				<f025>1.0</f025>
				<f024>1.0</f024>
				<f027>1.0</f027>
				<f026>1.0</f026>
				<f021>1.0</f021>
				<f020>1.0</f020>
				<xmmc/>
				<f023>1.0</f023>
				<f022>1.0</f022>
				<xmssztxx/>
				<xmbh/>
				<f028>1.0</f028>
				<f029>1.0</f029>
				<f012>1.0</f012>
				<f011>1.0</f011>
				<yfcgzsh/>
				<f010>1.0</f010>
				<f016>1.0</f016>
				<f015>1.0</f015>
				<sfwtjwxx/>
				<f014>1.0</f014>
				<f013>1.0</f013>
				<zbhfyhzcxx/>
				<f019>1.0</f019>
				<f017>1.0</f017>
				<f018>1.0</f018>
				<yfcg/>
				<f001>1.0</f001>
				<f003>1.0</f003>
				<f002>1.0</f002>
				<f005>1.0</f005>
				<f040>1.0</f040>
				<f004>1.0</f004>
				<f041>20.0</f041>
				<f042>1.0</f042>
				<f043>1.0</f043>
				<f044>20.0</f044>
				<f045>2.22</f045>
				<f046>1.0</f046>
				<f047>1.0</f047>
				<f006>1.0</f006>
				<wtfystfsfczglgxxx/>
				<f007>1.0</f007>
				<f008>1.0</f008>
				<f009>1.0</f009>
			</yfzcfzzhzbGridlb>
			<yfzcfzzhzbGridlb>
				<f038>0.0</f038>
				<f037>0.0</f037>
				<f036>0.0</f036>
				<f035>0.0</f035>
				<f034>0.0</f034>
				<f033>0.0</f033>
				<f032>0.0</f032>
				<f031>0.0</f031>
				<f030>0.0</f030>
				<yfxs/>
				<ewbhxh>2</ewbhxh>
				<f039>1.0</f039>
				<f025>0.0</f025>
				<f024>0.0</f024>
				<f027>0.0</f027>
				<f026>0.0</f026>
				<f021>0.0</f021>
				<f020>0.0</f020>
				<xmmc/>
				<f023>0.0</f023>
				<f022>0.0</f022>
				<xmssztxx/>
				<xmbh/>
				<f028>0.0</f028>
				<f029>0.0</f029>
				<f012>0.0</f012>
				<f011>0.0</f011>
				<yfcgzsh/>
				<f010>0.0</f010>
				<f016>0.0</f016>
				<f015>0.0</f015>
				<sfwtjwxx/>
				<f014>0.0</f014>
				<f013>0.0</f013>
				<zbhfyhzcxx/>
				<f019>0.0</f019>
				<f017>0.0</f017>
				<f018>0.0</f018>
				<yfcg/>
				<f001>1.0</f001>
				<f003>1.0</f003>
				<f002>1.0</f002>
				<f005>0.0</f005>
				<f040>1.0</f040>
				<f004>1.0</f004>
				<f041>2.0</f041>
				<f042>1.0</f042>
				<f043>1.0</f043>
				<f044>4.0</f044>
				<f045>0.44</f045>
				<f046>0.0</f046>
				<f047>0.0</f047>
				<f006>0.0</f006>
				<wtfystfsfczglgxxx/>
				<f007>0.0</f007>
				<f008>0.0</f008>
				<f009>0.0</f009>
			</yfzcfzzhzbGridlb>
			<yfzcfzzhzbGridlb>
				<f038>0.0</f038>
				<f037>0.0</f037>
				<f036>0.0</f036>
				<f035>0.0</f035>
				<f034>0.0</f034>
				<f033>0.0</f033>
				<f032>0.0</f032>
				<f031>0.0</f031>
				<f030>0.0</f030>
				<yfxs/>
				<ewbhxh>3</ewbhxh>
				<f039>1.0</f039>
				<f025>0.0</f025>
				<f024>0.0</f024>
				<f027>0.0</f027>
				<f026>0.0</f026>
				<f021>0.0</f021>
				<f020>0.0</f020>
				<xmmc/>
				<f023>0.0</f023>
				<f022>0.0</f022>
				<xmssztxx/>
				<xmbh/>
				<f028>0.0</f028>
				<f029>0.0</f029>
				<f012>0.0</f012>
				<f011>0.0</f011>
				<yfcgzsh/>
				<f010>0.0</f010>
				<f016>0.0</f016>
				<f015>0.0</f015>
				<sfwtjwxx/>
				<f014>0.0</f014>
				<f013>0.0</f013>
				<zbhfyhzcxx/>
				<f019>0.0</f019>
				<f017>0.0</f017>
				<f018>0.0</f018>
				<yfcg/>
				<f001>1.0</f001>
				<f003>1.0</f003>
				<f002>1.0</f002>
				<f005>0.0</f005>
				<f040>1.0</f040>
				<f004>1.0</f004>
				<f041>2.0</f041>
				<f042>1.0</f042>
				<f043>1.0</f043>
				<f044>4.0</f044>
				<f045>0.44</f045>
				<f046>0.0</f046>
				<f047>0.0</f047>
				<f006>0.0</f006>
				<wtfystfsfczglgxxx/>
				<f007>0.0</f007>
				<f008>0.0</f008>
				<f009>0.0</f009>
			</yfzcfzzhzbGridlb>
			<yfzcfzzhzbGridlb>
				<f038>0.0</f038>
				<f037>0.0</f037>
				<f036>0.0</f036>
				<f035>0.0</f035>
				<f034>0.0</f034>
				<f033>0.0</f033>
				<f032>0.0</f032>
				<f031>0.0</f031>
				<f030>0.0</f030>
				<yfxs/>
				<ewbhxh>4</ewbhxh>
				<f039>1.0</f039>
				<f025>0.0</f025>
				<f024>0.0</f024>
				<f027>0.0</f027>
				<f026>0.0</f026>
				<f021>0.0</f021>
				<f020>0.0</f020>
				<xmmc/>
				<f023>0.0</f023>
				<f022>0.0</f022>
				<xmssztxx/>
				<xmbh/>
				<f028>0.0</f028>
				<f029>0.0</f029>
				<f012>0.0</f012>
				<f011>0.0</f011>
				<yfcgzsh/>
				<f010>0.0</f010>
				<f016>0.0</f016>
				<f015>0.0</f015>
				<sfwtjwxx/>
				<f014>0.0</f014>
				<f013>0.0</f013>
				<zbhfyhzcxx/>
				<f019>0.0</f019>
				<f017>0.0</f017>
				<f018>0.0</f018>
				<yfcg/>
				<f001>1.0</f001>
				<f003>1.0</f003>
				<f002>1.0</f002>
				<f005>0.0</f005>
				<f040>1.0</f040>
				<f004>1.0</f004>
				<f041>2.0</f041>
				<f042>1.0</f042>
				<f043>1.0</f043>
				<f044>4.0</f044>
				<f045>0.44</f045>
				<f046>0.0</f046>
				<f047>0.0</f047>
				<f006>0.0</f006>
				<wtfystfsfczglgxxx/>
				<f007>0.0</f007>
				<f008>0.0</f008>
				<f009>0.0</f009>
			</yfzcfzzhzbGridlb>
			<yfzcfzzhzbGridlb>
				<f038>0.0</f038>
				<f037>0.0</f037>
				<f036>0.0</f036>
				<f035>0.0</f035>
				<f034>0.0</f034>
				<f033>0.0</f033>
				<f032>0.0</f032>
				<f031>0.0</f031>
				<f030>0.0</f030>
				<yfxs/>
				<ewbhxh>5</ewbhxh>
				<f039>1.0</f039>
				<f025>0.0</f025>
				<f024>0.0</f024>
				<f027>0.0</f027>
				<f026>0.0</f026>
				<f021>0.0</f021>
				<f020>0.0</f020>
				<xmmc/>
				<f023>0.0</f023>
				<f022>0.0</f022>
				<xmssztxx/>
				<xmbh/>
				<f028>0.0</f028>
				<f029>0.0</f029>
				<f012>0.0</f012>
				<f011>0.0</f011>
				<yfcgzsh/>
				<f010>0.0</f010>
				<f016>0.0</f016>
				<f015>0.0</f015>
				<sfwtjwxx/>
				<f014>0.0</f014>
				<f013>0.0</f013>
				<zbhfyhzcxx/>
				<f019>0.0</f019>
				<f017>0.0</f017>
				<f018>0.0</f018>
				<yfcg/>
				<f001>1.0</f001>
				<f003>1.0</f003>
				<f002>1.0</f002>
				<f005>0.0</f005>
				<f040>1.0</f040>
				<f004>1.0</f004>
				<f041>2.0</f041>
				<f042>1.0</f042>
				<f043>1.0</f043>
				<f044>4.0</f044>
				<f045>0.44</f045>
				<f046>0.0</f046>
				<f047>0.0</f047>
				<f006>0.0</f006>
				<wtfystfsfczglgxxx/>
				<f007>0.0</f007>
				<f008>0.0</f008>
				<f009>0.0</f009>
			</yfzcfzzhzbGridlb>
			<yfzcfzzhzbGridlb>
				<f038>0.0</f038>
				<f037>0.0</f037>
				<f036>0.0</f036>
				<f035>0.0</f035>
				<f034>0.0</f034>
				<f033>0.0</f033>
				<f032>0.0</f032>
				<f031>0.0</f031>
				<f030>0.0</f030>
				<yfxs/>
				<ewbhxh>6</ewbhxh>
				<f039>1.0</f039>
				<f025>0.0</f025>
				<f024>0.0</f024>
				<f027>0.0</f027>
				<f026>0.0</f026>
				<f021>0.0</f021>
				<f020>0.0</f020>
				<xmmc/>
				<f023>0.0</f023>
				<f022>0.0</f022>
				<xmssztxx/>
				<xmbh/>
				<f028>0.0</f028>
				<f029>0.0</f029>
				<f012>0.0</f012>
				<f011>0.0</f011>
				<yfcgzsh/>
				<f010>0.0</f010>
				<f016>0.0</f016>
				<f015>0.0</f015>
				<sfwtjwxx/>
				<f014>0.0</f014>
				<f013>0.0</f013>
				<zbhfyhzcxx/>
				<f019>0.0</f019>
				<f017>0.0</f017>
				<f018>0.0</f018>
				<yfcg/>
				<f001>1.0</f001>
				<f003>1.0</f003>
				<f002>1.0</f002>
				<f005>0.0</f005>
				<f040>1.0</f040>
				<f004>1.0</f004>
				<f041>2.0</f041>
				<f042>0.0</f042>
				<f043>1.0</f043>
				<f044>4.0</f044>
				<f045>0.44</f045>
				<f046>0.0</f046>
				<f047>0.0</f047>
				<f006>0.0</f006>
				<wtfystfsfczglgxxx/>
				<f007>0.0</f007>
				<f008>0.0</f008>
				<f009>0.0</f009>
			</yfzcfzzhzbGridlb>
		</yfzcfzzhzbGrid>
	</yfzcfzzhzbVO>
	<cqzqtzdplVO>
		<cqzqtzdplGrid>
			<cqzqtzdplGridlb>
				<bqlx>1.0</bqlx>
				<zqzl>11</zqzl>
				<cstzcb>1.0</cstzcb>
				<ljyshyslx>1.0</ljyshyslx>
				<nll>1.0</nll>
				<mz1>1.0</mz1>
				<dqr>2018-03-30</dqr>
			</cqzqtzdplGridlb>
			<cqzqtzdplGridlb>
				<bqlx>1.0</bqlx>
				<zqzl>1</zqzl>
				<cstzcb>1.0</cstzcb>
				<ljyshyslx>1.0</ljyshyslx>
				<nll>1.0</nll>
				<mz1>1.0</mz1>
				<dqr>2018-03-01</dqr>
			</cqzqtzdplGridlb>
			<cqzqtzdplGridlb>
				<bqlx>1.0</bqlx>
				<zqzl>1</zqzl>
				<cstzcb>1.0</cstzcb>
				<ljyshyslx>1.0</ljyshyslx>
				<nll>1.0</nll>
				<mz1>1.0</mz1>
				<dqr>2018-03-01</dqr>
			</cqzqtzdplGridlb>
			<cqzqtzdplGridlb>
				<bqlx>1.0</bqlx>
				<zqzl>1</zqzl>
				<cstzcb>1.0</cstzcb>
				<ljyshyslx>1.0</ljyshyslx>
				<nll>1.0</nll>
				<mz1>1.0</mz1>
				<dqr>2018-03-01</dqr>
			</cqzqtzdplGridlb>
			<cqzqtzdplGridlb>
				<bqlx>1.0</bqlx>
				<zqzl>1</zqzl>
				<cstzcb>1.0</cstzcb>
				<ljyshyslx>1.0</ljyshyslx>
				<nll>1.0</nll>
				<mz1>1.0</mz1>
				<dqr>2018-03-01</dqr>
			</cqzqtzdplGridlb>
			<cqzqtzdplGridlb>
				<bqlx>1.0</bqlx>
				<zqzl>1</zqzl>
				<cstzcb>1.0</cstzcb>
				<ljyshyslx>1.0</ljyshyslx>
				<nll>1.0</nll>
				<mz1>1.0</mz1>
				<dqr>2018-03-01</dqr>
			</cqzqtzdplGridlb>
			<cqzqtzdplGridlb>
				<bqlx>1.0</bqlx>
				<zqzl>1</zqzl>
				<cstzcb>1.0</cstzcb>
				<ljyshyslx>1.0</ljyshyslx>
				<nll>1.0</nll>
				<mz1>1.0</mz1>
				<dqr>2018-03-01</dqr>
			</cqzqtzdplGridlb>
			<cqzqtzdplGridlb>
				<bqlx>1.0</bqlx>
				<zqzl>1</zqzl>
				<cstzcb>1.0</cstzcb>
				<ljyshyslx>1.0</ljyshyslx>
				<nll>1.0</nll>
				<mz1>1.0</mz1>
				<dqr>2018-03-01</dqr>
			</cqzqtzdplGridlb>
			<cqzqtzdplGridlb>
				<bqlx>1.0</bqlx>
				<zqzl>1</zqzl>
				<cstzcb>1.0</cstzcb>
				<ljyshyslx>1.0</ljyshyslx>
				<nll>1.0</nll>
				<mz1>1.0</mz1>
				<dqr>2018-03-01</dqr>
			</cqzqtzdplGridlb>
			<cqzqtzdplGridlb>
				<bqlx>1.0</bqlx>
				<zqzl>1</zqzl>
				<cstzcb>1.0</cstzcb>
				<ljyshyslx>1.0</ljyshyslx>
				<nll>1.0</nll>
				<mz1>1.0</mz1>
				<dqr>2018-03-01</dqr>
			</cqzqtzdplGridlb>
		</cqzqtzdplGrid>
	</cqzqtzdplVO>
	<yszkdplVO>
		<yszkdplGrid>
			<yszkdplGridlb>
				<f001>1.0</f001>
				<f003>1.0</f003>
				<f002>1.0</f002>
				<f005>1.0</f005>
				<f004>1.0</f004>
				<f006>1.0</f006>
				<ewbhmc>1</ewbhmc>
				<ewbhxh>1</ewbhxh>
			</yszkdplGridlb>
			<yszkdplGridlb>
				<f001>1.0</f001>
				<f003>1.0</f003>
				<f002>1.0</f002>
				<f005>1.0</f005>
				<f004>1.0</f004>
				<f006>1.0</f006>
				<ewbhmc>12</ewbhmc>
				<ewbhxh>2</ewbhxh>
			</yszkdplGridlb>
			<yszkdplGridlb>
				<f001>1.0</f001>
				<f003>1.0</f003>
				<f002>1.0</f002>
				<f005>1.0</f005>
				<f004>1.0</f004>
				<f006>1.0</f006>
				<ewbhmc>23</ewbhmc>
				<ewbhxh>3</ewbhxh>
			</yszkdplGridlb>
			<yszkdplGridlb>
				<f001>1.0</f001>
				<f003>1.0</f003>
				<f002>1.0</f002>
				<f005>1.0</f005>
				<f004>1.0</f004>
				<f006>1.0</f006>
				<ewbhmc>3</ewbhmc>
				<ewbhxh>4</ewbhxh>
			</yszkdplGridlb>
			<yszkdplGridlb>
				<f001>4.0</f001>
				<f003>4.0</f003>
				<f002>4.0</f002>
				<f005>4.0</f005>
				<f004>4.0</f004>
				<f006>4.0</f006>
				<ewbhmc>ϼ</ewbhmc>
				<ewbhxh>5</ewbhxh>
			</yszkdplGridlb>
		</yszkdplGrid>
	</yszkdplVO>
	<qykjzdcwbbqybVO>
		<qykjzdcwbbqybxxGrid>
			<qykjzdcwbbqybxxGridlb>
				<bns>1.0</bns>
				<hmc></hmc>
				<ewbhxh>1</ewbhxh>
				<sns>1.0</sns>
			</qykjzdcwbbqybxxGridlb>
			<qykjzdcwbbqybxxGridlb>
				<bns>11.0</bns>
				<hmc></hmc>
				<ewbhxh>2</ewbhxh>
				<sns>11.0</sns>
			</qykjzdcwbbqybxxGridlb>
			<qykjzdcwbbqybxxGridlb>
				<bns>1.0</bns>
				<hmc>:ʱת</hmc>
				<ewbhxh>3</ewbhxh>
				<sns>1.0</sns>
			</qykjzdcwbbqybxxGridlb>
			<qykjzdcwbbqybxxGridlb>
				<bns>1.0</bns>
				<hmc>ӯ๫ת</hmc>
				<ewbhxh>4</ewbhxh>
				<sns>1.0</sns>
			</qykjzdcwbbqybxxGridlb>
			<qykjzdcwbbqybxxGridlb>
				<bns>1.0</bns>
				<hmc>ת</hmc>
				<ewbhxh>5</ewbhxh>
				<sns>1.0</sns>
			</qykjzdcwbbqybxxGridlb>
			<qykjzdcwbbqybxxGridlb>
				<bns>1.0</bns>
				<hmc>ʱ(ɱ)</hmc>
				<ewbhxh>6</ewbhxh>
				<sns>1.0</sns>
			</qykjzdcwbbqybxxGridlb>
			<qykjzdcwbbqybxxGridlb>
				<bns>1.0</bns>
				<hmc></hmc>
				<ewbhxh>7</ewbhxh>
				<sns>7.0</sns>
			</qykjzdcwbbqybxxGridlb>
			<qykjzdcwbbqybxxGridlb>
				<bns>11.0</bns>
				<hmc>ĩ</hmc>
				<ewbhxh>8</ewbhxh>
				<sns>5.0</sns>
			</qykjzdcwbbqybxxGridlb>
			<qykjzdcwbbqybxxGridlb>
				<bns>1.0</bns>
				<hmc></hmc>
				<ewbhxh>9</ewbhxh>
				<sns>1.0</sns>
			</qykjzdcwbbqybxxGridlb>
			<qykjzdcwbbqybxxGridlb>
				<bns>11.0</bns>
				<hmc></hmc>
				<ewbhxh>10</ewbhxh>
				<sns>11.0</sns>
			</qykjzdcwbbqybxxGridlb>
			<qykjzdcwbbqybxxGridlb>
				<bns>1.0</bns>
				<hmc>:ʱ(ɱ)</hmc>
				<ewbhxh>11</ewbhxh>
				<sns>1.0</sns>
			</qykjzdcwbbqybxxGridlb>
			<qykjzdcwbbqybxxGridlb>
				<bns>1.0</bns>
				<hmc>ֽܾʲ׼</hmc>
				<ewbhxh>12</ewbhxh>
				<sns>1.0</sns>
			</qykjzdcwbbqybxxGridlb>
			<qykjzdcwbbqybxxGridlb>
				<bns>1.0</bns>
				<hmc>ֽ</hmc>
				<ewbhxh>13</ewbhxh>
				<sns>1.0</sns>
			</qykjzdcwbbqybxxGridlb>
			<qykjzdcwbbqybxxGridlb>
				<bns>1.0</bns>
				<hmc>ȨͶ׼</hmc>
				<ewbhxh>14</ewbhxh>
				<sns>1.0</sns>
			</qykjzdcwbbqybxxGridlb>
			<qykjzdcwbbqybxxGridlb>
				<bns>1.0</bns>
				<hmc>ת</hmc>
				<ewbhxh>15</ewbhxh>
				<sns>1.0</sns>
			</qykjzdcwbbqybxxGridlb>
			<qykjzdcwbbqybxxGridlb>
				<bns>1.0</bns>
				<hmc>ʱ</hmc>
				<ewbhxh>16</ewbhxh>
				<sns>1.0</sns>
			</qykjzdcwbbqybxxGridlb>
			<qykjzdcwbbqybxxGridlb>
				<bns>1.0</bns>
				<hmc>ʱ</hmc>
				<ewbhxh>17</ewbhxh>
				<sns>1.0</sns>
			</qykjzdcwbbqybxxGridlb>
			<qykjzdcwbbqybxxGridlb>
				<bns>1.0</bns>
				<hmc></hmc>
				<ewbhxh>18</ewbhxh>
				<sns>1.0</sns>
			</qykjzdcwbbqybxxGridlb>
			<qykjzdcwbbqybxxGridlb>
				<bns>1.0</bns>
				<hmc>:תʱ(ɱ)</hmc>
				<ewbhxh>19</ewbhxh>
				<sns>1.0</sns>
			</qykjzdcwbbqybxxGridlb>
			<qykjzdcwbbqybxxGridlb>
				<bns>11.0</bns>
				<hmc>ĩ</hmc>
				<ewbhxh>20</ewbhxh>
				<sns>11.0</sns>
			</qykjzdcwbbqybxxGridlb>
			<qykjzdcwbbqybxxGridlb>
				<bns>1.0</bns>
				<hmc></hmc>
				<ewbhxh>21</ewbhxh>
				<sns>1.0</sns>
			</qykjzdcwbbqybxxGridlb>
			<qykjzdcwbbqybxxGridlb>
				<bns>15.0</bns>
				<hmc></hmc>
				<ewbhxh>22</ewbhxh>
				<sns>15.0</sns>
			</qykjzdcwbbqybxxGridlb>
			<qykjzdcwbbqybxxGridlb>
				<bns>12.0</bns>
				<hmc>:Ӿȡ</hmc>
				<ewbhxh>23</ewbhxh>
				<sns>12.0</sns>
			</qykjzdcwbbqybxxGridlb>
			<qykjzdcwbbqybxxGridlb>
				<bns>1.0</bns>
				<hmc>:ӯ๫</hmc>
				<ewbhxh>24</ewbhxh>
				<sns>1.0</sns>
			</qykjzdcwbbqybxxGridlb>
			<qykjzdcwbbqybxxGridlb>
				<bns>1.0</bns>
				<hmc>ӯ๫</hmc>
				<ewbhxh>25</ewbhxh>
				<sns>1.0</sns>
			</qykjzdcwbbqybxxGridlb>
			<qykjzdcwbbqybxxGridlb>
				<bns>1.0</bns>
				<hmc></hmc>
				<ewbhxh>26</ewbhxh>
				<sns>1.0</sns>
			</qykjzdcwbbqybxxGridlb>
			<qykjzdcwbbqybxxGridlb>
				<bns>1.0</bns>
				<hmc>ҵչ</hmc>
				<ewbhxh>27</ewbhxh>
				<sns>1.0</sns>
			</qykjzdcwbbqybxxGridlb>
			<qykjzdcwbbqybxxGridlb>
				<bns>1.0</bns>
				<hmc>ת</hmc>
				<ewbhxh>28</ewbhxh>
				<sns>1.0</sns>
			</qykjzdcwbbqybxxGridlb>
			<qykjzdcwbbqybxxGridlb>
				<bns>11.0</bns>
				<hmc></hmc>
				<ewbhxh>29</ewbhxh>
				<sns>11.0</sns>
			</qykjzdcwbbqybxxGridlb>
			<qykjzdcwbbqybxxGridlb>
				<bns>1.0</bns>
				<hmc>:ֲ</hmc>
				<ewbhxh>30</ewbhxh>
				<sns>1.0</sns>
			</qykjzdcwbbqybxxGridlb>
			<qykjzdcwbbqybxxGridlb>
				<bns>1.0</bns>
				<hmc>תʱ(ɱ)</hmc>
				<ewbhxh>31</ewbhxh>
				<sns>1.0</sns>
			</qykjzdcwbbqybxxGridlb>
			<qykjzdcwbbqybxxGridlb>
				<bns>1.0</bns>
				<hmc>ֽ</hmc>
				<ewbhxh>32</ewbhxh>
				<sns>1.0</sns>
			</qykjzdcwbbqybxxGridlb>
			<qykjzdcwbbqybxxGridlb>
				<bns>1.0</bns>
				<hmc>ɹƱ</hmc>
				<ewbhxh>33</ewbhxh>
				<sns>1.0</sns>
			</qykjzdcwbbqybxxGridlb>
			<qykjzdcwbbqybxxGridlb>
				<bns>5.0</bns>
				<hmc>ĩ</hmc>
				<ewbhxh>34</ewbhxh>
				<sns>5.0</sns>
			</qykjzdcwbbqybxxGridlb>
			<qykjzdcwbbqybxxGridlb>
				<bns>1.0</bns>
				<hmc>:ӯ๫</hmc>
				<ewbhxh>35</ewbhxh>
				<sns>1.0</sns>
			</qykjzdcwbbqybxxGridlb>
			<qykjzdcwbbqybxxGridlb>
				<bns>1.0</bns>
				<hmc></hmc>
				<ewbhxh>36</ewbhxh>
				<sns>1.0</sns>
			</qykjzdcwbbqybxxGridlb>
			<qykjzdcwbbqybxxGridlb>
				<bns>1.0</bns>
				<hmc>ҵչ</hmc>
				<ewbhxh>37</ewbhxh>
				<sns>1.0</sns>
			</qykjzdcwbbqybxxGridlb>
			<qykjzdcwbbqybxxGridlb>
				<bns>1.0</bns>
				<hmc></hmc>
				<ewbhxh>38</ewbhxh>
				<sns>11.0</sns>
			</qykjzdcwbbqybxxGridlb>
			<qykjzdcwbbqybxxGridlb>
				<bns>1.0</bns>
				<hmc></hmc>
				<ewbhxh>39</ewbhxh>
				<sns>1.0</sns>
			</qykjzdcwbbqybxxGridlb>
			<qykjzdcwbbqybxxGridlb>
				<bns>1.0</bns>
				<hmc>:Ӿȡ</hmc>
				<ewbhxh>40</ewbhxh>
				<sns>1.0</sns>
			</qykjzdcwbbqybxxGridlb>
			<qykjzdcwbbqybxxGridlb>
				<bns>1.0</bns>
				<hmc></hmc>
				<ewbhxh>41</ewbhxh>
				<sns>1.0</sns>
			</qykjzdcwbbqybxxGridlb>
			<qykjzdcwbbqybxxGridlb>
				<bns>1.0</bns>
				<hmc>:帣֧</hmc>
				<ewbhxh>42</ewbhxh>
				<sns>1.0</sns>
			</qykjzdcwbbqybxxGridlb>
			<qykjzdcwbbqybxxGridlb>
				<bns>1.0</bns>
				<hmc>ĩ</hmc>
				<ewbhxh>43</ewbhxh>
				<sns>11.0</sns>
			</qykjzdcwbbqybxxGridlb>
			<qykjzdcwbbqybxxGridlb>
				<bns>1.0</bns>
				<hmc>δ</hmc>
				<ewbhxh>44</ewbhxh>
				<sns>1.0</sns>
			</qykjzdcwbbqybxxGridlb>
			<qykjzdcwbbqybxxGridlb>
				<bns>1.0</bns>
				<hmc>꾻󣨾ԡ-У</hmc>
				<ewbhxh>45</ewbhxh>
				<sns>1.0</sns>
			</qykjzdcwbbqybxxGridlb>
			<qykjzdcwbbqybxxGridlb>
				<bns>1.0</bns>
				<hmc></hmc>
				<ewbhxh>46</ewbhxh>
				<sns>1.0</sns>
			</qykjzdcwbbqybxxGridlb>
			<qykjzdcwbbqybxxGridlb>
				<bns>1.0</bns>
				<hmc>ĩδδֲԡ-У</hmc>
				<ewbhxh>47</ewbhxh>
				<sns>1.0</sns>
			</qykjzdcwbbqybxxGridlb>
		</qykjzdcwbbqybxxGrid>
		<nsrxxForm>
			<skssqq>2005-12-01</skssqq>
			<nsrsbh>512921197204154234</nsrsbh>
			<nsrmc>԰</nsrmc>
			<skssqz>2005-12-31</skssqz>
			<bsrq>2018-03-23</bsrq>
		</nsrxxForm>
	</qykjzdcwbbqybVO>
	<wxzcdplVO>
		<wxzcdplGrid/>
	</wxzcdplVO>
	<cqtzdplVO>
		<cqtzdplGrid>
			<cqtzdplGridlb>
				<f001>1.0</f001>
				<f003>1.0</f003>
				<f002>1.0</f002>
				<f004>1.0</f004>
				<ewbhmc>һڹȨͶ</ewbhmc>
				<ewbhxh>1</ewbhxh>
			</cqtzdplGridlb>
			<cqtzdplGridlb>
				<f001>1.0</f001>
				<f003>1.0</f003>
				<f002>1.0</f002>
				<f004>1.0</f004>
				<ewbhmc>Уӹ˾Ͷ</ewbhmc>
				<ewbhxh>2</ewbhxh>
			</cqtzdplGridlb>
			<cqtzdplGridlb>
				<f001>1.0</f001>
				<f003>1.0</f003>
				<f002>1.0</f002>
				<f004>1.0</f004>
				<ewbhmc>ԺӪҵͶ</ewbhmc>
				<ewbhxh>3</ewbhxh>
			</cqtzdplGridlb>
			<cqtzdplGridlb>
				<f001>1.0</f001>
				<f003>1.0</f003>
				<f002>1.0</f002>
				<f004>1.0</f004>
				<ewbhmc>ӪҵͶ</ewbhmc>
				<ewbhxh>4</ewbhxh>
			</cqtzdplGridlb>
			<cqtzdplGridlb>
				<f001>1.0</f001>
				<f003>1.0</f003>
				<f002>1.0</f002>
				<f004>1.0</f004>
				<ewbhmc>ծȨͶ</ewbhmc>
				<ewbhxh>5</ewbhxh>
			</cqtzdplGridlb>
			<cqtzdplGridlb>
				<f001>1.0</f001>
				<f003>1.0</f003>
				<f002>1.0</f002>
				<f004>1.0</f004>
				<ewbhmc>УծͶ</ewbhmc>
				<ewbhxh>6</ewbhxh>
			</cqtzdplGridlb>
			<cqtzdplGridlb>
				<f001>1.0</f001>
				<f003>1.0</f003>
				<f002>1.0</f002>
				<f004>1.0</f004>
				<ewbhmc>ȨͶ</ewbhmc>
				<ewbhxh>7</ewbhxh>
			</cqtzdplGridlb>
			<cqtzdplGridlb>
				<f001>7.0</f001>
				<f003>7.0</f003>
				<f002>7.0</f002>
				<f004>7.0</f004>
				<ewbhmc>ϼ</ewbhmc>
				<ewbhxh>8</ewbhxh>
			</cqtzdplGridlb>
		</cqtzdplGrid>
	</cqtzdplVO>
</cjbdxml>
